,x_z_trans,x_norm_up,velocity_norm
0,-1.6926922556316584,-1.5232169162000009,-45.46156281580834
1,-0.9646753983292111,-0.8680903929750023,53.880256970541666
2,0.09975741191623987,0.08976952357499979,129.5414494315667
3,0.7566705819967697,0.6809113863749987,36.05613606434167
4,0.9010004545517042,0.8107906970749976,-65.31084597430834
5,0.8999392054961558,0.8098357021499991,-108.70543367633334
