,x_z_trans,x_norm_up,velocity_norm
0,-1.699892964035611,-1.7603739909083362,-25.48464458467501
1,-0.9231512278152756,-0.8932385928583386,89.211010717925
2,0.16755105056626096,0.25084533539166465,155.53674572277504
3,0.7601699111296873,0.7455327100916644,-7.608858452624993
4,0.8409963718478146,0.8238422944916639,-83.30538572607499
5,0.854326858307124,0.8333922437916641,-128.348867677325
