,unique_saccade_number,source,residual_sum_x_z_trans,residual_sum_x_norm_up,residual_sum_velocity,flatness_score,vector,dipvalue_score,entropy_score,kurtosis_score,skew_score
0,69.0,,0.13121135344746312,0.13369929044722229,46.67431087966668,,,,,,
1,73.0,,0.20408989289010085,0.30856947350833347,100.87628972615,,,,,,
2,74.0,,0.004810464312064867,0.061968560013887806,7.044790696150009,,,,,,
3,80.0,,0.17175402097504536,0.13624594357499906,48.75365317778334,,,,,,
